63005,"Saint Louis","American Indian/Alaska Native",1
63005,"Saint Louis","Asian",10
63005,"Saint Louis","Black/African American",5
63005,"Saint Louis","Hispanic/Latino",6
63005,"Saint Louis","Multiple Race/Ethnicity",7
63005,"Saint Louis","Not Specified",2
63005,"Saint Louis","White",342
63010,"Jefferson","Asian",1
63010,"Jefferson","Asian (Other)",1
63010,"Jefferson","Black/African American",2
63010,"Jefferson","Hispanic/Latino",1
63010,"Jefferson","Not Specified",1
63010,"Jefferson","White",76
63011,"Saint Louis","Asian",9
63011,"Saint Louis","Asian (Other)",5
63011,"Saint Louis","Black/African American",2
63011,"Saint Louis","Hispanic/Latino",9
63011,"Saint Louis","Multiple Race/Ethnicity",8
63011,"Saint Louis","Not Specified",2
63011,"Saint Louis","White",314
63012,"Jefferson","Black/African American",1
63012,"Jefferson","Multiple Race/Ethnicity",2
63012,"Jefferson","Not Specified",1
63012,"Jefferson","White",27
63013,"Franklin","White",5
63014,"Franklin","White",5
63015,"Franklin","White",2
63016,"Jefferson","White",14
63017,"Saint Louis","Asian",21
63017,"Saint Louis","Asian (Other)",5
63017,"Saint Louis","Black/African American",4
63017,"Saint Louis","Hispanic/Latino",13
63017,"Saint Louis","Multiple Race/Ethnicity",13
63017,"Saint Louis","Not Specified",2
63017,"Saint Louis","White",396
63019,"Jefferson","White",8
63020,"Jefferson","Multiple Race/Ethnicity",1
63020,"Jefferson","Not Specified",1
63020,"Jefferson","White",15
63021,"Saint Louis","American Indian/Alaska Native",1
63021,"Saint Louis","Asian",15
63021,"Saint Louis","Asian (Other)",4
63021,"Saint Louis","Black/African American",5
63021,"Saint Louis","Hispanic/Latino",17
63021,"Saint Louis","Multiple Race/Ethnicity",22
63021,"Saint Louis","Not Specified",3
63021,"Saint Louis","White",515
63023,"Jefferson","Not Specified",1
63023,"Jefferson","White",5
63025,"Saint Louis","Asian",3
63025,"Saint Louis","Asian (Other)",1
63025,"Saint Louis","Black/African American",1
63025,"Saint Louis","Hispanic/Latino",7
63025,"Saint Louis","Multiple Race/Ethnicity",3
63025,"Saint Louis","Not Specified",1
63025,"Saint Louis","White",118
63026,"Saint Louis","Asian",6
63026,"Saint Louis","Asian (Other)",1
63026,"Saint Louis","Black/African American",2
63026,"Saint Louis","Hispanic/Latino",4
63026,"Saint Louis","Multiple Race/Ethnicity",5
63026,"Saint Louis","Not Specified",2
63026,"Saint Louis","White",222
63028,"Jefferson","American Indian/Alaska Native",1
63028,"Jefferson","Asian",1
63028,"Jefferson","Asian (Other)",2
63028,"Jefferson","Black/African American",1
63028,"Jefferson","Multiple Race/Ethnicity",3
63028,"Jefferson","Not Specified",1
63028,"Jefferson","White",65
63031,"Saint Louis","Asian (Other)",1
63031,"Saint Louis","Black/African American",30
63031,"Saint Louis","Hispanic/Latino",0
63031,"Saint Louis","Multiple Race/Ethnicity",9
63031,"Saint Louis","Not Specified",1
63031,"Saint Louis","White",69
63033,"Saint Louis","Black/African American",64
63033,"Saint Louis","Hispanic/Latino",2
63033,"Saint Louis","Multiple Race/Ethnicity",7
63033,"Saint Louis","Not Specified",1
63033,"Saint Louis","White",26
63034,"Saint Louis","Asian",2
63034,"Saint Louis","Black/African American",32
63034,"Saint Louis","Hispanic/Latino",2
63034,"Saint Louis","Multiple Race/Ethnicity",4
63034,"Saint Louis","White",17
63037,"Franklin","White",7
63038,"Saint Louis","Asian",3
63038,"Saint Louis","Asian (Other)",2
63038,"Saint Louis","Black/African American",1
63038,"Saint Louis","Hispanic/Latino",4
63038,"Saint Louis","Multiple Race/Ethnicity",2
63038,"Saint Louis","Not Specified",2
63038,"Saint Louis","White",119
63040,"Saint Louis","Asian",4
63040,"Saint Louis","Black/African American",1
63040,"Saint Louis","Hispanic/Latino",7
63040,"Saint Louis","Multiple Race/Ethnicity",3
63040,"Saint Louis","Not Specified",2
63040,"Saint Louis","White",132
63041,"Franklin","White",3
63042,"Saint Louis","Black/African American",14
63042,"Saint Louis","Not Specified",0
63042,"Saint Louis","White",10
63043,"Saint Louis","Asian",2
63043,"Saint Louis","Asian (Other)",1
63043,"Saint Louis","Black/African American",6
63043,"Saint Louis","Hispanic/Latino",1
63043,"Saint Louis","Multiple Race/Ethnicity",1
63043,"Saint Louis","White",41
63044,"Saint Louis","Asian",3
63044,"Saint Louis","Black/African American",1
63044,"Saint Louis","Multiple Race/Ethnicity",1
63044,"Saint Louis","White",11
63048,"Jefferson","White",6
63049,"Jefferson","Asian",0
63049,"Jefferson","Hispanic/Latino",1
63049,"Jefferson","Multiple Race/Ethnicity",1
63049,"Jefferson","Native Hawaiian or Other Pacific Islander",1
63049,"Jefferson","White",30
63050,"Jefferson","Hispanic/Latino",0
63050,"Jefferson","White",17
63051,"Jefferson","Not Specified",1
63051,"Jefferson","White",11
63052,"Jefferson","Asian (Other)",1
63052,"Jefferson","Black/African American",1
63052,"Jefferson","Hispanic/Latino",2
63052,"Jefferson","Not Specified",1
63052,"Jefferson","White",77
63055,"Franklin","White",16
63056,"Franklin","White",4
63060,"Franklin","White",9
63068,"Franklin","Black/African American",1
63068,"Franklin","White",20
63069,"Franklin","American Indian/Alaska Native",1
63069,"Franklin","Hispanic/Latino",1
63069,"Franklin","Multiple Race/Ethnicity",1
63069,"Franklin","White",34
63070,"Jefferson","Asian",1
63070,"Jefferson","White",10
63072,"Franklin","White",2
63073,"Franklin","White",8
63074,"Saint Louis","Asian",2
63074,"Saint Louis","Asian (Other)",3
63074,"Saint Louis","Black/African American",5
63074,"Saint Louis","Hispanic/Latino",1
63074,"Saint Louis","Multiple Race/Ethnicity",1
63074,"Saint Louis","White",11
63077,"Franklin","Black/African American",1
63077,"Franklin","Multiple Race/Ethnicity",1
63077,"Franklin","White",19
63079,"Franklin","White",1
63080,"Franklin","White",26
63084,"Franklin","Asian",0
63084,"Franklin","Not Specified",0
63084,"Franklin","White",31
63087,"Saint Francois","White",1
63088,"Saint Louis","Asian",6
63088,"Saint Louis","Asian (Other)",1
63088,"Saint Louis","Hispanic/Latino",0
63088,"Saint Louis","Multiple Race/Ethnicity",2
63088,"Saint Louis","Not Specified",1
63088,"Saint Louis","White",19
63089,"Franklin","Asian",1
63089,"Franklin","Not Specified",0
63089,"Franklin","White",12
63090,"Franklin","Asian",0
63090,"Franklin","Hispanic/Latino",2
63090,"Franklin","Multiple Race/Ethnicity",3
63090,"Franklin","Not Specified",3
63090,"Franklin","White",111
63091,"Gasconade","White",3
63101,"Saint Louis City","Black/African American",3
63101,"Saint Louis City","White",1
63102,"Saint Louis City","White",1
63103,"Saint Louis City","Black/African American",1
63103,"Saint Louis City","Hispanic/Latino",1
63103,"Saint Louis City","Multiple Race/Ethnicity",1
63103,"Saint Louis City","White",4
63104,"Saint Louis City","Asian",1
63104,"Saint Louis City","Black/African American",7
63104,"Saint Louis City","Hispanic/Latino",0
63104,"Saint Louis City","Multiple Race/Ethnicity",1
63104,"Saint Louis City","White",11
63105,"Saint Louis","Asian",2
63105,"Saint Louis","Black/African American",2
63105,"Saint Louis","Hispanic/Latino",2
63105,"Saint Louis","Multiple Race/Ethnicity",6
63105,"Saint Louis","Not Specified",2
63105,"Saint Louis","White",53
63106,"Saint Louis City","Black/African American",6
63106,"Saint Louis City","Multiple Race/Ethnicity",1
63106,"Saint Louis City","White",1
63107,"Saint Louis City","Black/African American",3
63107,"Saint Louis City","White",0
63108,"Saint Louis City","Black/African American",3
63108,"Saint Louis City","Hispanic/Latino",1
63108,"Saint Louis City","Multiple Race/Ethnicity",1
63108,"Saint Louis City","Not Specified",0
63108,"Saint Louis City","White",7
63109,"Saint Louis City","Black/African American",2
63109,"Saint Louis City","Hispanic/Latino",2
63109,"Saint Louis City","Multiple Race/Ethnicity",5
63109,"Saint Louis City","Not Specified",1
63109,"Saint Louis City","White",52
63110,"Saint Louis City","Black/African American",4
63110,"Saint Louis City","Multiple Race/Ethnicity",2
63110,"Saint Louis City","Not Specified",1
63110,"Saint Louis City","White",14
63111,"Saint Louis City","Black/African American",9
63111,"Saint Louis City","Hispanic/Latino",4
63111,"Saint Louis City","Multiple Race/Ethnicity",1
63111,"Saint Louis City","White",3
63112,"Saint Louis City","Black/African American",17
63112,"Saint Louis City","Not Specified",0
63112,"Saint Louis City","White",4
63113,"Saint Louis City","Black/African American",13
63114,"Saint Louis","Asian",2
63114,"Saint Louis","Black/African American",10
63114,"Saint Louis","Multiple Race/Ethnicity",3
63114,"Saint Louis","Not Specified",0
63114,"Saint Louis","White",10
63115,"Saint Louis City","Black/African American",12
63115,"Saint Louis City","Hispanic/Latino",1
63116,"Saint Louis City","Asian",1
63116,"Saint Louis City","Asian (Other)",1
63116,"Saint Louis City","Black/African American",6
63116,"Saint Louis City","Hispanic/Latino",2
63116,"Saint Louis City","Multiple Race/Ethnicity",1
63116,"Saint Louis City","Not Specified",0
63116,"Saint Louis City","White",18
63117,"Saint Louis","Black/African American",1
63117,"Saint Louis","Hispanic/Latino",1
63117,"Saint Louis","Multiple Race/Ethnicity",2
63117,"Saint Louis","White",34
63118,"Saint Louis City","Asian",1
63118,"Saint Louis City","Black/African American",12
63118,"Saint Louis City","Hispanic/Latino",3
63118,"Saint Louis City","Multiple Race/Ethnicity",2
63118,"Saint Louis City","Not Specified",0
63118,"Saint Louis City","White",6
63119,"Saint Louis","American Indian/Alaska Native",1
63119,"Saint Louis","Asian",2
63119,"Saint Louis","Black/African American",5
63119,"Saint Louis","Hispanic/Latino",2
63119,"Saint Louis","Multiple Race/Ethnicity",7
63119,"Saint Louis","Not Specified",0
63119,"Saint Louis","White",165
63120,"Saint Louis City","Black/African American",10
63121,"Saint Louis","Black/African American",14
63121,"Saint Louis","Hispanic/Latino",1
63121,"Saint Louis","White",9
63122,"Saint Louis","Asian",3
63122,"Saint Louis","Asian (Other)",1
63122,"Saint Louis","Black/African American",3
63122,"Saint Louis","Hispanic/Latino",10
63122,"Saint Louis","Multiple Race/Ethnicity",7
63122,"Saint Louis","Not Specified",0
63122,"Saint Louis","White",333
63123,"Saint Louis","Asian",5
63123,"Saint Louis","Black/African American",1
63123,"Saint Louis","Hispanic/Latino",3
63123,"Saint Louis","Multiple Race/Ethnicity",5
63123,"Saint Louis","Not Specified",1
63123,"Saint Louis","White",111
63124,"Saint Louis","Asian",3
63124,"Saint Louis","Black/African American",4
63124,"Saint Louis","Hispanic/Latino",1
63124,"Saint Louis","Multiple Race/Ethnicity",1
63124,"Saint Louis","Not Specified",2
63124,"Saint Louis","White",55
63125,"Saint Louis","Asian",1
63125,"Saint Louis","Black/African American",2
63125,"Saint Louis","Multiple Race/Ethnicity",2
63125,"Saint Louis","Not Specified",1
63125,"Saint Louis","White",29
63126,"Saint Louis","Asian",2
63126,"Saint Louis","Hispanic/Latino",1
63126,"Saint Louis","Multiple Race/Ethnicity",1
63126,"Saint Louis","White",77
63127,"Saint Louis","Asian",2
63127,"Saint Louis","Hispanic/Latino",0
63127,"Saint Louis","Multiple Race/Ethnicity",1
63127,"Saint Louis","White",23
63128,"Saint Louis","Asian",4
63128,"Saint Louis","Hispanic/Latino",2
63128,"Saint Louis","Multiple Race/Ethnicity",1
63128,"Saint Louis","Not Specified",0
63128,"Saint Louis","White",185
63129,"Saint Louis","American Indian/Alaska Native",1
63129,"Saint Louis","Asian",4
63129,"Saint Louis","Black/African American",2
63129,"Saint Louis","Hispanic/Latino",3
63129,"Saint Louis","Multiple Race/Ethnicity",5
63129,"Saint Louis","Not Specified",1
63129,"Saint Louis","White",292
63130,"Saint Louis","Asian",0
63130,"Saint Louis","Black/African American",22
63130,"Saint Louis","Hispanic/Latino",3
63130,"Saint Louis","Multiple Race/Ethnicity",4
63130,"Saint Louis","Not Specified",0
63130,"Saint Louis","White",35
63131,"Saint Louis","Asian",4
63131,"Saint Louis","Asian (Other)",1
63131,"Saint Louis","Black/African American",2
63131,"Saint Louis","Hispanic/Latino",6
63131,"Saint Louis","Multiple Race/Ethnicity",5
63131,"Saint Louis","Not Specified",0
63131,"Saint Louis","White",197
63132,"Saint Louis","Asian",3
63132,"Saint Louis","Asian (Other)",1
63132,"Saint Louis","Black/African American",14
63132,"Saint Louis","Multiple Race/Ethnicity",4
63132,"Saint Louis","Not Specified",1
63132,"Saint Louis","White",29
63133,"Saint Louis","Black/African American",1
63134,"Saint Louis","Black/African American",10
63134,"Saint Louis","Multiple Race/Ethnicity",2
63134,"Saint Louis","White",2
63135,"Saint Louis","Asian (Other)",1
63135,"Saint Louis","Black/African American",26
63135,"Saint Louis","Multiple Race/Ethnicity",1
63135,"Saint Louis","Not Specified",1
63135,"Saint Louis","White",9
63136,"Saint Louis","Black/African American",27
63136,"Saint Louis","White",1
63137,"Saint Louis","Black/African American",8
63137,"Saint Louis","White",3
63138,"Saint Louis","Black/African American",23
63138,"Saint Louis","Hispanic/Latino",1
63138,"Saint Louis","Multiple Race/Ethnicity",1
63138,"Saint Louis","White",11
63139,"Saint Louis City","Black/African American",1
63139,"Saint Louis City","Hispanic/Latino",3
63139,"Saint Louis City","Multiple Race/Ethnicity",1
63139,"Saint Louis City","Not Specified",0
63139,"Saint Louis City","White",16
63141,"Saint Louis","American Indian/Alaska Native",1
63141,"Saint Louis","Asian",9
63141,"Saint Louis","Asian (Other)",1
63141,"Saint Louis","Black/African American",6
63141,"Saint Louis","Hispanic/Latino",2
63141,"Saint Louis","Multiple Race/Ethnicity",7
63141,"Saint Louis","Not Specified",2
63141,"Saint Louis","White",127
63143,"Saint Louis","Asian",1
63143,"Saint Louis","Hispanic/Latino",1
63143,"Saint Louis","Multiple Race/Ethnicity",1
63143,"Saint Louis","White",5
63144,"Saint Louis","Hispanic/Latino",3
63144,"Saint Louis","Not Specified",0
63144,"Saint Louis","White",39
63146,"Saint Louis","Asian",6
63146,"Saint Louis","Black/African American",9
63146,"Saint Louis","Hispanic/Latino",5
63146,"Saint Louis","Multiple Race/Ethnicity",4
63146,"Saint Louis","Native Hawaiian or Other Pacific Islander",1
63146,"Saint Louis","Not Specified",0
63146,"Saint Louis","White",88
63147,"Saint Louis City","Black/African American",3
63301,"Saint Charles","Asian (Other)",2
63301,"Saint Charles","Black/African American",1
63301,"Saint Charles","Hispanic/Latino",1
63301,"Saint Charles","Multiple Race/Ethnicity",3
63301,"Saint Charles","Not Specified",0
63301,"Saint Charles","White",137
63303,"Saint Charles","Asian",7
63303,"Saint Charles","Asian (Other)",2
63303,"Saint Charles","Black/African American",5
63303,"Saint Charles","Hispanic/Latino",9
63303,"Saint Charles","Multiple Race/Ethnicity",8
63303,"Saint Charles","Not Specified",2
63303,"Saint Charles","White",199
63304,"Saint Charles","Asian",5
63304,"Saint Charles","Black/African American",3
63304,"Saint Charles","Hispanic/Latino",5
63304,"Saint Charles","Multiple Race/Ethnicity",9
63304,"Saint Charles","Not Specified",1
63304,"Saint Charles","White",298
63332,"Saint Charles","White",7
63333,"Montgomery","White",3
63334,"Pike","Multiple Race/Ethnicity",1
63334,"Pike","White",24
63336,"Pike","White",0
63339,"Pike","White",3
63341,"Saint Charles","White",27
63343,"Lincoln","White",12
63344,"Pike","White",1
63345,"Audrain","White",1
63347,"Lincoln","Hispanic/Latino",1
63347,"Lincoln","White",5
63348,"Saint Charles","Multiple Race/Ethnicity",3
63348,"Saint Charles","White",27
63349,"Lincoln","White",5
63350,"Montgomery","White",1
63351,"Montgomery","White",5
63352,"Audrain","Black/African American",1
63352,"Audrain","White",4
63353,"Pike","White",5
63357,"Warren","Hispanic/Latino",1
63357,"Warren","White",18
63359,"Montgomery","White",2
63361,"Montgomery","White",11
63362,"Lincoln","White",21
63363,"Montgomery","White",3
63366,"Saint Charles","Asian",2
63366,"Saint Charles","Asian (Other)",2
63366,"Saint Charles","Black/African American",6
63366,"Saint Charles","Hispanic/Latino",4
63366,"Saint Charles","Multiple Race/Ethnicity",5
63366,"Saint Charles","Not Specified",2
63366,"Saint Charles","White",149
63367,"Saint Charles","Asian",2
63367,"Saint Charles","Black/African American",6
63367,"Saint Charles","Hispanic/Latino",2
63367,"Saint Charles","Multiple Race/Ethnicity",2
63367,"Saint Charles","Not Specified",3
63367,"Saint Charles","White",92
63369,"Lincoln","White",5
63373,"Saint Charles","White",4
63376,"Saint Charles","Asian",5
63376,"Saint Charles","Black/African American",8
63376,"Saint Charles","Hispanic/Latino",5
63376,"Saint Charles","Multiple Race/Ethnicity",7
63376,"Saint Charles","Not Specified",4
63376,"Saint Charles","White",245
63377,"Lincoln","Multiple Race/Ethnicity",1
63377,"Lincoln","White",15
63379,"Lincoln","Asian",1
63379,"Lincoln","Black/African American",0
63379,"Lincoln","Hispanic/Latino",1
63379,"Lincoln","Multiple Race/Ethnicity",2
63379,"Lincoln","White",63
63381,"Lincoln","White",1
63382,"Audrain","Asian",1
63382,"Audrain","Multiple Race/Ethnicity",1
63382,"Audrain","White",9
63383,"Warren","Black/African American",2
63383,"Warren","Multiple Race/Ethnicity",1
63383,"Warren","Not Specified",0
63383,"Warren","White",33
63384,"Montgomery","White",11
63385,"Saint Charles","Asian",2
63385,"Saint Charles","Black/African American",1
63385,"Saint Charles","Hispanic/Latino",3
63385,"Saint Charles","Multiple Race/Ethnicity",7
63385,"Saint Charles","Not Specified",1
63385,"Saint Charles","White",163
63388,"Callaway","White",1
63389,"Lincoln","White",8
63390,"Warren","Not Specified",0
63390,"Warren","White",13
63401,"Marion","Asian",2
63401,"Marion","Asian (Other)",1
63401,"Marion","Black/African American",2
63401,"Marion","Multiple Race/Ethnicity",1
63401,"Marion","Not Specified",0
63401,"Marion","White",58
63430,"Clark","White",1
63432,"Scotland","White",1
63434,"Shelby","White",4
63435,"Lewis","Not Specified",0
63435,"Lewis","White",10
63436,"Ralls","White",2
63437,"Shelby","White",9
63440,"Lewis","White",5
63441,"Pike","White",2
63443,"Shelby","White",2
63445,"Clark","Hispanic/Latino",1
63445,"Clark","White",16
63446,"Knox","White",3
63448,"Lewis","White",3
63451,"Shelby","White",4
63452,"Lewis","White",4
63453,"Clark","Multiple Race/Ethnicity",2
63453,"Clark","White",0
63454,"Marion","White",6
63456,"Monroe","Black/African American",1
63456,"Monroe","Hispanic/Latino",1
63456,"Monroe","White",10
63457,"Lewis","White",1
63458,"Knox","White",1
63459,"Ralls","White",12
63461,"Marion","Multiple Race/Ethnicity",0
63461,"Marion","White",24
63462,"Ralls","White",1
63463,"Marion","White",1
63465,"Clark","White",0
63468,"Shelby","White",18
63469,"Shelby","White",7
63471,"Marion","White",1
63472,"Clark","White",1
63473,"Lewis","White",1
63501,"Adair","Asian",1
63501,"Adair","Black/African American",0
63501,"Adair","Hispanic/Latino",1
63501,"Adair","Not Specified",0
63501,"Adair","White",46
63530,"Macon","White",2
63531,"Knox","White",1
63532,"Macon","White",1
63533,"Adair","White",0
63534,"Macon","White",2
63536,"Schuyler","White",0
63537,"Knox","White",5
63540,"Adair","White",1
63541,"Schuyler","White",1
63544,"Sullivan","White",1
63545,"Sullivan","White",4
63546,"Adair","White",2
63548,"Schuyler","White",2
63549,"Macon","White",1
63551,"Putnam","White",1
63552,"Macon","Hispanic/Latino",1
63552,"Macon","Multiple Race/Ethnicity",1
63552,"Macon","Not Specified",0
63552,"Macon","White",20
63555,"Scotland","White",5
63556,"Sullivan","Multiple Race/Ethnicity",1
63556,"Sullivan","White",11
63557,"Linn","White",0
63558,"Macon","White",2
63559,"Adair","White",1
63560,"Sullivan","White",1
63561,"Schuyler","White",1
63565,"Putnam","White",5
63567,"Putnam","White",0
63601,"Saint Francois","Hispanic/Latino",1
63601,"Saint Francois","White",13
63620,"Iron","White",1
63623,"Iron","White",2
63627,"Sainte Genevieve","White",5
63628,"Saint Francois","White",16
63629,"Reynolds","American Indian/Alaska Native",1
63630,"Washington","White",1
63637,"Saint Francois","White",2
63638,"Reynolds","White",4
63640,"Saint Francois","Asian",2
63640,"Saint Francois","Hispanic/Latino",2
63640,"Saint Francois","Multiple Race/Ethnicity",1
63640,"Saint Francois","White",46
63645,"Madison","Multiple Race/Ethnicity",1
63645,"Madison","White",9
63650,"Iron","American Indian/Alaska Native",0
63650,"Iron","White",6
63653,"Saint Francois","White",1
63660,"Washington","White",5
63662,"Bollinger","White",1
63663,"Iron","Hispanic/Latino",0
63663,"Iron","White",0
63664,"Washington","Not Specified",0
63664,"Washington","White",11
63670,"Sainte Genevieve","Asian",2
63670,"Sainte Genevieve","White",29
63673,"Sainte Genevieve","White",1
63701,"Cape Girardeau","Asian (Other)",1
63701,"Cape Girardeau","Black/African American",1
63701,"Cape Girardeau","Hispanic/Latino",2
63701,"Cape Girardeau","Multiple Race/Ethnicity",2
63701,"Cape Girardeau","Not Specified",0
63701,"Cape Girardeau","White",71
63703,"Cape Girardeau","Not Specified",0
63703,"Cape Girardeau","White",2
63730,"Stoddard","White",1
63732,"Cape Girardeau","White",3
63735,"Stoddard","White",1
63736,"Scott","White",3
63739,"Cape Girardeau","White",3
63740,"Scott","White",2
63747,"Cape Girardeau","White",1
63748,"Perry","White",2
63751,"Bollinger","White",1
63755,"Cape Girardeau","Asian (Other)",1
63755,"Cape Girardeau","Hispanic/Latino",1
63755,"Cape Girardeau","Multiple Race/Ethnicity",2
63755,"Cape Girardeau","Not Specified",1
63755,"Cape Girardeau","White",59
63758,"Scott","White",1
63760,"Bollinger","White",1
63764,"Bollinger","White",3
63766,"Cape Girardeau","Black/African American",1
63766,"Cape Girardeau","White",2
63769,"Cape Girardeau","White",3
63771,"Scott","Black/African American",0
63771,"Scott","White",2
63775,"Perry","Asian",1
63775,"Perry","Hispanic/Latino",0
63775,"Perry","Not Specified",0
63775,"Perry","White",21
63779,"Cape Girardeau","White",0
63780,"Scott","White",4
63781,"Bollinger","White",1
63801,"Scott","Asian",2
63801,"Scott","Black/African American",5
63801,"Scott","Hispanic/Latino",1
63801,"Scott","Multiple Race/Ethnicity",2
63801,"Scott","Not Specified",1
63801,"Scott","White",26
63821,"Dunklin","White",0
63822,"Stoddard","White",2
63823,"Mississippi","White",2
63825,"Stoddard","White",3
63830,"Pemiscot","Asian",2
63830,"Pemiscot","Black/African American",2
63830,"Pemiscot","White",2
63834,"Mississippi","Black/African American",1
63834,"Mississippi","White",8
63837,"Dunklin","White",1
63841,"Stoddard","White",6
63845,"Mississippi","White",1
63846,"Stoddard","White",1
63848,"New Madrid","White",1
63851,"Pemiscot","Black/African American",1
63851,"Pemiscot","Multiple Race/Ethnicity",1
63851,"Pemiscot","White",1
63853,"Pemiscot","White",1
63857,"Dunklin","Asian",1
63857,"Dunklin","Hispanic/Latino",2
63857,"Dunklin","Multiple Race/Ethnicity",1
63857,"Dunklin","White",10
63863,"Dunklin","White",7
63869,"New Madrid","Black/African American",2
63869,"New Madrid","White",1
63873,"New Madrid","White",7
63876,"Dunklin","White",3
63877,"Pemiscot","Black/African American",1
63877,"Pemiscot","Not Specified",1
63877,"Pemiscot","White",4
63879,"Pemiscot","White",1
63882,"Mississippi","White",1
63901,"Butler","Asian",2
63901,"Butler","Black/African American",0
63901,"Butler","Hispanic/Latino",1
63901,"Butler","Multiple Race/Ethnicity",1
63901,"Butler","White",35
63902,"Butler","Black/African American",0
63902,"Butler","White",2
63932,"Butler","Black/African American",0
63932,"Butler","White",1
63935,"Ripley","White",2
63936,"Stoddard","White",1
63937,"Carter","White",2
63939,"Ripley","White",1
63940,"Butler","White",1
63944,"Wayne","White",0
63945,"Butler","White",2
63953,"Ripley","White",0
63954,"Butler","White",0
63957,"Wayne","Hispanic/Latino",1
63957,"Wayne","White",2
63960,"Stoddard","White",4
63961,"Butler","White",2
63965,"Carter","White",5
63967,"Wayne","White",2
64001,"Lafayette","White",5
64011,"Lafayette","White",2
64012,"Cass","Asian",2
64012,"Cass","Black/African American",2
64012,"Cass","Hispanic/Latino",1
64012,"Cass","Multiple Race/Ethnicity",2
64012,"Cass","White",22
64014,"Jackson","American Indian/Alaska Native",1
64014,"Jackson","Asian",1
64014,"Jackson","Black/African American",1
64014,"Jackson","Hispanic/Latino",3
64014,"Jackson","Multiple Race/Ethnicity",5
64014,"Jackson","Native Hawaiian or Other Pacific Islander",1
64014,"Jackson","Not Specified",1
64014,"Jackson","White",80
64015,"Jackson","American Indian/Alaska Native",1
64015,"Jackson","Asian",1
64015,"Jackson","Asian (Other)",2
64015,"Jackson","Black/African American",7
64015,"Jackson","Hispanic/Latino",4
64015,"Jackson","Multiple Race/Ethnicity",8
64015,"Jackson","Not Specified",0
64015,"Jackson","White",90
64016,"Jackson","Not Specified",1
64016,"Jackson","White",4
64018,"Platte","White",2
64019,"Johnson","White",5
64020,"Lafayette","Multiple Race/Ethnicity",3
64020,"Lafayette","White",13
64021,"Lafayette","White",3
64024,"Clay","Multiple Race/Ethnicity",1
64024,"Clay","White",18
64028,"Platte","Asian",1
64028,"Platte","White",0
64029,"Jackson","Hispanic/Latino",1
64029,"Jackson","Multiple Race/Ethnicity",2
64029,"Jackson","White",28
64030,"Jackson","Asian (Other)",1
64030,"Jackson","Black/African American",22
64030,"Jackson","Multiple Race/Ethnicity",2
64030,"Jackson","White",6
64034,"Jackson","Asian",1
64034,"Jackson","Hispanic/Latino",2
64034,"Jackson","Multiple Race/Ethnicity",1
64034,"Jackson","White",25
64035,"Ray","White",3
64037,"Lafayette","Hispanic/Latino",1
64037,"Lafayette","Multiple Race/Ethnicity",1
64037,"Lafayette","White",14
64040,"Johnson","Multiple Race/Ethnicity",1
64040,"Johnson","White",3
64048,"Clay","Multiple Race/Ethnicity",2
64048,"Clay","White",9
64050,"Jackson","Black/African American",1
64050,"Jackson","Multiple Race/Ethnicity",1
64050,"Jackson","White",9
64052,"Jackson","Black/African American",0
64052,"Jackson","Hispanic/Latino",2
64052,"Jackson","White",7
64053,"Jackson","Hispanic/Latino",3
64054,"Jackson","Hispanic/Latino",1
64055,"Jackson","Asian",1
64055,"Jackson","Hispanic/Latino",2
64055,"Jackson","Multiple Race/Ethnicity",5
64055,"Jackson","White",36
64056,"Jackson","Black/African American",1
64056,"Jackson","Hispanic/Latino",2
64056,"Jackson","Multiple Race/Ethnicity",2
64056,"Jackson","White",16
64057,"Jackson","Asian",1
64057,"Jackson","Hispanic/Latino",2
64057,"Jackson","Multiple Race/Ethnicity",0
64057,"Jackson","White",34
64058,"Jackson","Asian",1
64058,"Jackson","Multiple Race/Ethnicity",1
64058,"Jackson","White",20
64060,"Clay","American Indian/Alaska Native",1
64060,"Clay","Asian",1
64060,"Clay","Black/African American",1
64060,"Clay","Not Specified",0
64060,"Clay","White",69
64061,"Johnson","White",2
64062,"Ray","Asian",1
64062,"Ray","Multiple Race/Ethnicity",0
64062,"Ray","White",24
64063,"Jackson","Asian",1
64063,"Jackson","Black/African American",5
64063,"Jackson","Hispanic/Latino",2
64063,"Jackson","Multiple Race/Ethnicity",1
64063,"Jackson","Not Specified",0
64063,"Jackson","White",58
64064,"Jackson","Asian",4
64064,"Jackson","Black/African American",6
64064,"Jackson","Hispanic/Latino",6
64064,"Jackson","Multiple Race/Ethnicity",3
64064,"Jackson","Not Specified",2
64064,"Jackson","White",119
64067,"Lafayette","Black/African American",1
64067,"Lafayette","White",3
64068,"Clay","Asian",2
64068,"Clay","Black/African American",6
64068,"Clay","Hispanic/Latino",5
64068,"Clay","Multiple Race/Ethnicity",6
64068,"Clay","White",114
64070,"Jackson","White",4
64071,"Lafayette","White",2
64074,"Lafayette","White",5
64075,"Jackson","Asian",1
64075,"Jackson","Black/African American",1
64075,"Jackson","Hispanic/Latino",2
64075,"Jackson","White",24
64076,"Lafayette","Multiple Race/Ethnicity",1
64076,"Lafayette","White",13
64077,"Ray","Hispanic/Latino",0
64077,"Ray","White",2
64078,"Cass","Not Specified",0
64078,"Cass","White",10
64079,"Platte","Black/African American",1
64079,"Platte","Hispanic/Latino",3
64079,"Platte","Multiple Race/Ethnicity",1
64079,"Platte","Not Specified",1
64079,"Platte","White",62
64080,"Cass","Hispanic/Latino",0
64080,"Cass","White",17
64081,"Jackson","American Indian/Alaska Native",0
64081,"Jackson","Asian",2
64081,"Jackson","Asian (Other)",2
64081,"Jackson","Black/African American",8
64081,"Jackson","Hispanic/Latino",6
64081,"Jackson","Multiple Race/Ethnicity",4
64081,"Jackson","Native Hawaiian or Other Pacific Islander",1
64081,"Jackson","Not Specified",2
64081,"Jackson","White",123
64082,"Jackson","American Indian/Alaska Native",1
64082,"Jackson","Black/African American",17
64082,"Jackson","Hispanic/Latino",4
64082,"Jackson","Multiple Race/Ethnicity",4
64082,"Jackson","White",63
64083,"Cass","Asian",1
64083,"Cass","Black/African American",2
64083,"Cass","Multiple Race/Ethnicity",1
64083,"Cass","White",41
64084,"Ray","White",2
64085,"Ray","Hispanic/Latino",1
64085,"Ray","White",9
64086,"Jackson","American Indian/Alaska Native",1
64086,"Jackson","Asian",3
64086,"Jackson","Black/African American",3
64086,"Jackson","Hispanic/Latino",11
64086,"Jackson","Multiple Race/Ethnicity",3
64086,"Jackson","Not Specified",1
64086,"Jackson","White",105
64088,"Jackson","White",4
64089,"Clay","Black/African American",1
64089,"Clay","Hispanic/Latino",1
64089,"Clay","Not Specified",2
64089,"Clay","White",54
64093,"Johnson","Asian",2
64093,"Johnson","Black/African American",1
64093,"Johnson","Hispanic/Latino",2
64093,"Johnson","Multiple Race/Ethnicity",0
64093,"Johnson","Not Specified",1
64093,"Johnson","White",30
64096,"Lafayette","White",2
64097,"Lafayette","Multiple Race/Ethnicity",1
64097,"Lafayette","White",8
64098,"Platte","White",11
64102,"Jackson","White",1
64105,"Jackson","Black/African American",1
64105,"Jackson","White",1
64106,"Jackson","Asian",1
64106,"Jackson","White",1
64108,"Jackson","Black/African American",1
64108,"Jackson","Hispanic/Latino",4
64109,"Jackson","Black/African American",3
64109,"Jackson","Hispanic/Latino",1
64109,"Jackson","White",3
64110,"Jackson","Asian",1
64110,"Jackson","Asian (Other)",0
64110,"Jackson","Black/African American",5
64110,"Jackson","Hispanic/Latino",2
64110,"Jackson","Multiple Race/Ethnicity",2
64110,"Jackson","Not Specified",0
64110,"Jackson","White",7
64111,"Jackson","Asian",1
64111,"Jackson","Black/African American",0
64111,"Jackson","Hispanic/Latino",1
64111,"Jackson","White",8
64112,"Jackson","Asian",1
64112,"Jackson","Black/African American",1
64112,"Jackson","Hispanic/Latino",1
64112,"Jackson","White",25
64113,"Jackson","Black/African American",1
64113,"Jackson","Hispanic/Latino",1
64113,"Jackson","Multiple Race/Ethnicity",1
64113,"Jackson","Not Specified",0
64113,"Jackson","White",96
64114,"Jackson","American Indian/Alaska Native",1
64114,"Jackson","Asian (Other)",0
64114,"Jackson","Black/African American",5
64114,"Jackson","Hispanic/Latino",6
64114,"Jackson","Multiple Race/Ethnicity",1
64114,"Jackson","Native Hawaiian or Other Pacific Islander",1
64114,"Jackson","Not Specified",1
64114,"Jackson","White",51
64116,"Clay","Asian (Other)",3
64116,"Clay","Black/African American",1
64116,"Clay","Hispanic/Latino",1
64116,"Clay","Multiple Race/Ethnicity",2
64116,"Clay","White",12
64117,"Clay","Black/African American",2
64117,"Clay","Hispanic/Latino",3
64117,"Clay","White",10
64118,"Clay","Asian",1
64118,"Clay","Asian (Other)",2
64118,"Clay","Black/African American",6
64118,"Clay","Hispanic/Latino",7
64118,"Clay","Multiple Race/Ethnicity",1
64118,"Clay","White",45
64119,"Clay","Asian",1
64119,"Clay","Asian (Other)",1
64119,"Clay","Black/African American",9
64119,"Clay","Hispanic/Latino",4
64119,"Clay","Multiple Race/Ethnicity",3
64119,"Clay","Not Specified",1
64119,"Clay","White",42
64120,"Jackson","White",1
64123,"Jackson","Black/African American",0
64123,"Jackson","Hispanic/Latino",2
64123,"Jackson","White",0
64124,"Jackson","Asian",1
64124,"Jackson","Asian (Other)",1
64124,"Jackson","Black/African American",1
64124,"Jackson","White",2
64125,"Jackson","Hispanic/Latino",1
64126,"Jackson","Hispanic/Latino",1
64127,"Jackson","Black/African American",7
64127,"Jackson","Hispanic/Latino",2
64127,"Jackson","Multiple Race/Ethnicity",1
64127,"Jackson","White",0
64128,"Jackson","Black/African American",11
64128,"Jackson","Multiple Race/Ethnicity",1
64128,"Jackson","Not Specified",0
64129,"Jackson","Black/African American",7
64130,"Jackson","Black/African American",27
64130,"Jackson","Multiple Race/Ethnicity",1
64131,"Jackson","Black/African American",16
64131,"Jackson","Hispanic/Latino",1
64131,"Jackson","Multiple Race/Ethnicity",3
64131,"Jackson","White",31
64132,"Jackson","Black/African American",12
64133,"Jackson","Asian",1
64133,"Jackson","Black/African American",20
64133,"Jackson","Hispanic/Latino",5
64133,"Jackson","Multiple Race/Ethnicity",6
64133,"Jackson","White",21
64134,"Jackson","Black/African American",17
64134,"Jackson","Hispanic/Latino",2
64134,"Jackson","Multiple Race/Ethnicity",2
64134,"Jackson","White",2
64136,"Jackson","White",1
64137,"Jackson","Asian",1
64137,"Jackson","Black/African American",1
64137,"Jackson","Multiple Race/Ethnicity",1
64137,"Jackson","White",3
64138,"Jackson","Black/African American",16
64138,"Jackson","Hispanic/Latino",1
64138,"Jackson","Multiple Race/Ethnicity",0
64138,"Jackson","White",7
64139,"Jackson","Black/African American",3
64139,"Jackson","Hispanic/Latino",2
64139,"Jackson","Native Hawaiian or Other Pacific Islander",1
64139,"Jackson","White",8
64145,"Jackson","Asian",2
64145,"Jackson","Black/African American",4
64145,"Jackson","Multiple Race/Ethnicity",2
64145,"Jackson","Not Specified",1
64145,"Jackson","White",27
64146,"Jackson","White",4
64150,"Platte","White",2
64151,"Platte","American Indian/Alaska Native",1
64151,"Platte","Asian",4
64151,"Platte","Asian (Other)",1
64151,"Platte","Black/African American",2
64151,"Platte","Hispanic/Latino",5
64151,"Platte","Multiple Race/Ethnicity",2
64151,"Platte","Not Specified",0
64151,"Platte","White",76
64152,"Platte","American Indian/Alaska Native",1
64152,"Platte","Asian",2
64152,"Platte","Asian (Other)",1
64152,"Platte","Black/African American",5
64152,"Platte","Hispanic/Latino",10
64152,"Platte","Multiple Race/Ethnicity",6
64152,"Platte","Native Hawaiian or Other Pacific Islander",1
64152,"Platte","Not Specified",2
64152,"Platte","White",167
64153,"Platte","Asian (Other)",1
64153,"Platte","Black/African American",2
64153,"Platte","Hispanic/Latino",4
64153,"Platte","White",14
64154,"Platte","Asian",1
64154,"Platte","Black/African American",2
64154,"Platte","Hispanic/Latino",0
64154,"Platte","Multiple Race/Ethnicity",2
64154,"Platte","Not Specified",1
64154,"Platte","White",21
64155,"Clay","Asian",1
64155,"Clay","Black/African American",5
64155,"Clay","Hispanic/Latino",8
64155,"Clay","Multiple Race/Ethnicity",4
64155,"Clay","Not Specified",1
64155,"Clay","White",67
64156,"Clay","White",9
64157,"Clay","Asian",2
64157,"Clay","Black/African American",2
64157,"Clay","Hispanic/Latino",7
64157,"Clay","Multiple Race/Ethnicity",1
64157,"Clay","Not Specified",1
64157,"Clay","White",79
64158,"Clay","Hispanic/Latino",1
64158,"Clay","White",24
64161,"Clay","White",1
64163,"Platte","White",1
64167,"Clay","White",2
64190,"Platte","White",0
64401,"Buchanan","White",8
64402,"Gentry","White",10
64421,"Andrew","White",0
64422,"Dekalb","White",2
64423,"Nodaway","White",1
64424,"Harrison","White",7
64426,"Harrison","White",1
64427,"Andrew","White",1
64428,"Nodaway","White",1
64429,"Clinton","Hispanic/Latino",1
64429,"Clinton","Multiple Race/Ethnicity",1
64429,"Clinton","White",7
64430,"Dekalb","Hispanic/Latino",1
64430,"Dekalb","White",1
64433,"Nodaway","White",0
64434,"Nodaway","White",4
64436,"Andrew","White",5
64437,"Holt","White",1
64439,"Platte","White",4
64440,"Buchanan","Multiple Race/Ethnicity",1
64440,"Buchanan","White",1
64441,"Worth","White",2
64442,"Harrison","White",2
64443,"Buchanan","White",4
64444,"Platte","White",3
64445,"Nodaway","White",1
64446,"Atchison","White",1
64448,"Buchanan","White",3
64453,"Gentry","Not Specified",0
64454,"Clinton","White",6
64455,"Nodaway","White",2
64456,"Worth","White",1
64459,"Andrew","White",4
64461,"Nodaway","Not Specified",0
64461,"Nodaway","White",1
64463,"Gentry","White",6
64465,"Clinton","White",9
64468,"Nodaway","Black/African American",0
64468,"Nodaway","Hispanic/Latino",0
64468,"Nodaway","Multiple Race/Ethnicity",1
64468,"Nodaway","Not Specified",1
64468,"Nodaway","White",28
64469,"Dekalb","White",3
64470,"Holt","White",4
64473,"Holt","White",3
64474,"Dekalb","White",5
64477,"Clinton","Hispanic/Latino",1
64477,"Clinton","White",6
64479,"Nodaway","Not Specified",0
64479,"Nodaway","White",0
64481,"Harrison","White",2
64482,"Atchison","White",4
64483,"Andrew","White",1
64484,"Buchanan","Asian",1
64484,"Buchanan","White",3
64485,"Andrew","Multiple Race/Ethnicity",2
64485,"Andrew","White",19
64486,"Worth","White",2
64487,"Nodaway","White",3
64489,"Gentry","White",9
64490,"Dekalb","White",5
64491,"Atchison","White",5
64492,"Clinton","White",2
64493,"Clinton","White",1
64498,"Atchison","White",2
64501,"Buchanan","Black/African American",1
64501,"Buchanan","Not Specified",0
64501,"Buchanan","White",5
64502,"Buchanan","White",1
64503,"Buchanan","Asian",1
64503,"Buchanan","Hispanic/Latino",1
64503,"Buchanan","White",6
64504,"Buchanan","Hispanic/Latino",1
64504,"Buchanan","White",4
64505,"Buchanan","Hispanic/Latino",2
64505,"Buchanan","Multiple Race/Ethnicity",2
64505,"Buchanan","White",22
64506,"Buchanan","Black/African American",4
64506,"Buchanan","Hispanic/Latino",4
64506,"Buchanan","Multiple Race/Ethnicity",1
64506,"Buchanan","Not Specified",1
64506,"Buchanan","White",60
64507,"Buchanan","Multiple Race/Ethnicity",0
64507,"Buchanan","White",12
64601,"Livingston","Asian (Other)",0
64601,"Livingston","Hispanic/Latino",2
64601,"Livingston","White",33
64624,"Caldwell","White",2
64625,"Caldwell","White",0
64628,"Linn","Black/African American",1
64628,"Linn","Multiple Race/Ethnicity",1
64628,"Linn","White",12
64630,"Linn","White",2
64631,"Linn","White",6
64632,"Harrison","White",2
64633,"Carroll","Black/African American",1
64633,"Carroll","Multiple Race/Ethnicity",1
64633,"Carroll","White",11
64635,"Livingston","White",0
64636,"Daviess","White",1
64637,"Caldwell","White",0
64638,"Livingston","White",5
64640,"Daviess","American Indian/Alaska Native",1
64640,"Daviess","White",7
64641,"Grundy","White",2
64643,"Carroll","White",3
64644,"Caldwell","White",10
64645,"Sullivan","White",0
64648,"Daviess","White",2
64649,"Caldwell","White",7
64650,"Caldwell","White",3
64652,"Grundy","White",1
64653,"Linn","White",2
64656,"Livingston","White",0
64657,"Gentry","White",1
64658,"Linn","White",15
64659,"Linn","White",1
64660,"Chariton","White",1
64661,"Mercer","Not Specified",1
64661,"Mercer","White",2
64664,"Livingston","White",2
64667,"Sullivan","White",1
64668,"Carroll","Hispanic/Latino",1
64668,"Carroll","White",6
64671,"Caldwell","White",4
64673,"Mercer","White",12
64674,"Linn","White",1
64682,"Carroll","White",5
64683,"Grundy","Multiple Race/Ethnicity",1
64683,"Grundy","White",17
64688,"Livingston","White",0
64689,"Daviess","White",1
64701,"Cass","Black/African American",1
64701,"Cass","Hispanic/Latino",1
64701,"Cass","Multiple Race/Ethnicity",2
64701,"Cass","Not Specified",0
64701,"Cass","White",21
64720,"Bates","Not Specified",1
64720,"Bates","White",9
64723,"Bates","White",1
64724,"Saint Clair","White",7
64725,"Cass","White",4
64730,"Bates","Asian",1
64730,"Bates","White",9
64733,"Johnson","White",0
64734,"Cass","White",3
64735,"Henry","White",18
64739,"Henry","White",2
64740,"Henry","White",2
64742,"Bates","White",2
64744,"Cedar","White",2
64746,"Cass","White",2
64747,"Cass","Multiple Race/Ethnicity",2
64747,"Cass","White",3
64748,"Barton","White",3
64752,"Bates","White",1
64755,"Jasper","White",0
64756,"Cedar","White",3
64759,"Barton","American Indian/Alaska Native",1
64759,"Barton","Asian",1
64759,"Barton","Multiple Race/Ethnicity",1
64759,"Barton","White",17
64761,"Johnson","White",1
64762,"Barton","White",1
64763,"Saint Clair","White",2
64767,"Vernon","White",1
64770,"Henry","White",1
64771,"Vernon","White",1
64772,"Vernon","Asian",2
64772,"Vernon","Multiple Race/Ethnicity",0
64772,"Vernon","White",21
64778,"Vernon","White",0
64779,"Bates","White",5
64780,"Bates","White",1
64783,"Vernon","White",0
64788,"Henry","White",1
64790,"Vernon","White",2
64801,"Jasper","Asian",1
64801,"Jasper","Asian (Other)",1
64801,"Jasper","Multiple Race/Ethnicity",2
64801,"Jasper","Not Specified",0
64801,"Jasper","White",21
64803,"Jasper","White",1
64804,"Jasper","American Indian/Alaska Native",1
64804,"Jasper","Asian",1
64804,"Jasper","Hispanic/Latino",1
64804,"Jasper","Multiple Race/Ethnicity",1
64804,"Jasper","White",19
64830,"Jasper","White",1
64831,"McDonald","Hispanic/Latino",1
64834,"Jasper","White",12
64835,"Jasper","Not Specified",0
64836,"Jasper","Hispanic/Latino",1
64836,"Jasper","Multiple Race/Ethnicity",1
64836,"Jasper","Not Specified",1
64836,"Jasper","White",19
64840,"Newton","White",1
64844,"Newton","White",0
64850,"Newton","Asian",1
64850,"Newton","Multiple Race/Ethnicity",0
64850,"Newton","Not Specified",1
64850,"Newton","White",7
64854,"McDonald","Hispanic/Latino",2
64854,"McDonald","White",1
64856,"McDonald","White",2
64859,"Jasper","White",1
64861,"McDonald","Asian",1
64861,"McDonald","Asian (Other)",1
64865,"Newton","White",1
64870,"Jasper","Hispanic/Latino",1
64870,"Jasper","Multiple Race/Ethnicity",3
64870,"Jasper","White",10
65001,"Osage","White",1
65010,"Boone","Asian",2
65010,"Boone","Hispanic/Latino",1
65010,"Boone","White",50
65011,"Morgan","White",2
65013,"Maries","White",8
65014,"Gasconade","Asian (Other)",1
65016,"Osage","White",4
65017,"Miller","White",1
65018,"Moniteau","Multiple Race/Ethnicity",1
65018,"Moniteau","White",40
65020,"Camden","Asian (Other)",1
65020,"Camden","Hispanic/Latino",1
65020,"Camden","Multiple Race/Ethnicity",1
65020,"Camden","White",36
65023,"Cole","White",4
65024,"Osage","White",2
65025,"Moniteau","White",2
65026,"Miller","Multiple Race/Ethnicity",1
65026,"Miller","White",25
65032,"Cole","White",5
65034,"Moniteau","White",2
65035,"Osage","White",9
65037,"Morgan","White",6
65038,"Morgan","White",1
65039,"Boone","Hispanic/Latino",1
65039,"Boone","Multiple Race/Ethnicity",2
65039,"Boone","White",22
65040,"Cole","White",1
65041,"Gasconade","Black/African American",1
65041,"Gasconade","Hispanic/Latino",2
65041,"Gasconade","Not Specified",0
65041,"Gasconade","White",17
65043,"Callaway","Black/African American",1
65043,"Callaway","Hispanic/Latino",1
65043,"Callaway","White",30
65046,"Moniteau","White",5
65047,"Miller","White",1
65048,"Osage","White",1
65049,"Camden","Multiple Race/Ethnicity",2
65049,"Camden","White",14
65050,"Moniteau","White",1
65051,"Osage","Not Specified",1
65051,"Osage","White",14
65052,"Camden","Hispanic/Latino",1
65052,"Camden","White",13
65053,"Cole","Multiple Race/Ethnicity",1
65053,"Cole","White",17
65054,"Osage","White",3
65058,"Osage","White",6
65059,"Callaway","White",2
65061,"Gasconade","White",1
65063,"Callaway","Not Specified",0
65063,"Callaway","White",9
65064,"Miller","White",1
65065,"Camden","Asian",1
65065,"Camden","Hispanic/Latino",1
65065,"Camden","Multiple Race/Ethnicity",2
65065,"Camden","White",26
65066,"Gasconade","Multiple Race/Ethnicity",1
65066,"Gasconade","White",12
65067,"Callaway","White",1
65068,"Cooper","White",3
65069,"Montgomery","White",2
65072,"Morgan","White",3
65074,"Cole","White",7
65075,"Miller","White",1
65076,"Cole","White",4
65077,"Callaway","White",1
65078,"Morgan","Hispanic/Latino",1
65078,"Morgan","White",1
65079,"Camden","White",4
65080,"Callaway","White",2
65081,"Moniteau","White",11
65082,"Miller","White",3
65083,"Miller","White",1
65084,"Morgan","White",9
65085,"Osage","White",7
65101,"Cole","Asian",1
65101,"Cole","Black/African American",3
65101,"Cole","Hispanic/Latino",3
65101,"Cole","Multiple Race/Ethnicity",1
65101,"Cole","Not Specified",2
65101,"Cole","White",136
65102,"Cole","American Indian/Alaska Native",1
65102,"Cole","Black/African American",0
65109,"Cole","American Indian/Alaska Native",2
65109,"Cole","Asian",9
65109,"Cole","Black/African American",10
65109,"Cole","Hispanic/Latino",6
65109,"Cole","Multiple Race/Ethnicity",7
65109,"Cole","Not Specified",0
65109,"Cole","White",202
65110,"Cole","Black/African American",1
65201,"Boone","Asian",12
65201,"Boone","Asian (Other)",2
65201,"Boone","Black/African American",8
65201,"Boone","Hispanic/Latino",15
65201,"Boone","Multiple Race/Ethnicity",16
65201,"Boone","Not Specified",1
65201,"Boone","White",220
65202,"Boone","American Indian/Alaska Native",1
65202,"Boone","Asian",12
65202,"Boone","Asian (Other)",5
65202,"Boone","Black/African American",42
65202,"Boone","Hispanic/Latino",16
65202,"Boone","Multiple Race/Ethnicity",22
65202,"Boone","Not Specified",8
65202,"Boone","White",292
65203,"Boone","American Indian/Alaska Native",1
65203,"Boone","Asian",59
65203,"Boone","Asian (Other)",18
65203,"Boone","Black/African American",36
65203,"Boone","Hispanic/Latino",33
65203,"Boone","Multiple Race/Ethnicity",40
65203,"Boone","Native Hawaiian or Other Pacific Islander",1
65203,"Boone","Not Specified",12
65203,"Boone","White",726
65205,"Boone","Black/African American",0
65205,"Boone","Hispanic/Latino",1
65205,"Boone","White",1
65211,"Boone","Asian",1
65211,"Boone","Asian (Other)",0
65211,"Boone","Black/African American",1
65211,"Boone","Hispanic/Latino",2
65211,"Boone","Not Specified",0
65211,"Boone","White",3
65215,"Boone","White",0
65216,"Boone","White",1
65230,"Howard","White",1
65231,"Callaway","Not Specified",1
65231,"Callaway","White",23
65233,"Cooper","Asian",1
65233,"Cooper","Black/African American",1
65233,"Cooper","Hispanic/Latino",1
65233,"Cooper","Not Specified",0
65233,"Cooper","White",68
65236,"Chariton","White",1
65237,"Cooper","White",4
65239,"Randolph","White",7
65240,"Boone","Multiple Race/Ethnicity",1
65240,"Boone","White",55
65243,"Randolph","White",6
65244,"Randolph","White",3
65246,"Chariton","White",1
65247,"Macon","Not Specified",1
65247,"Macon","White",3
65248,"Howard","Asian",1
65248,"Howard","Asian (Other)",1
65248,"Howard","Black/African American",1
65248,"Howard","Hispanic/Latino",1
65248,"Howard","White",18
65250,"Howard","White",1
65251,"Callaway","Asian (Other)",1
65251,"Callaway","Black/African American",4
65251,"Callaway","Hispanic/Latino",2
65251,"Callaway","Multiple Race/Ethnicity",3
65251,"Callaway","White",57
65254,"Howard","Black/African American",1
65254,"Howard","White",7
65255,"Boone","Asian (Other)",1
65255,"Boone","Black/African American",1
65255,"Boone","Hispanic/Latino",1
65255,"Boone","White",28
65256,"Boone","Multiple Race/Ethnicity",1
65256,"Boone","White",19
65257,"Randolph","White",1
65259,"Randolph","White",10
65260,"Randolph","White",1
65261,"Chariton","White",4
65262,"Callaway","Multiple Race/Ethnicity",0
65262,"Callaway","White",0
65263,"Monroe","Multiple Race/Ethnicity",1
65263,"Monroe","White",5
65264,"Audrain","Asian",1
65264,"Audrain","White",4
65265,"Audrain","Black/African American",2
65265,"Audrain","Hispanic/Latino",1
65265,"Audrain","Multiple Race/Ethnicity",2
65265,"Audrain","White",44
65270,"Randolph","Asian",2
65270,"Randolph","Hispanic/Latino",3
65270,"Randolph","Multiple Race/Ethnicity",2
65270,"Randolph","White",59
65274,"Howard","Multiple Race/Ethnicity",1
65274,"Howard","White",10
65275,"Monroe","Black/African American",1
65275,"Monroe","White",14
65276,"Cooper","White",15
65279,"Boone","Multiple Race/Ethnicity",1
65279,"Boone","White",19
65281,"Chariton","White",13
65283,"Monroe","White",1
65284,"Boone","Black/African American",1
65284,"Boone","White",9
65285,"Audrain","Asian (Other)",0
65285,"Audrain","White",4
65286,"Chariton","White",1
65287,"Cooper","Multiple Race/Ethnicity",1
65287,"Cooper","White",4
65301,"Pettis","Asian",3
65301,"Pettis","Black/African American",0
65301,"Pettis","Hispanic/Latino",4
65301,"Pettis","Multiple Race/Ethnicity",3
65301,"Pettis","White",63
65302,"Pettis","White",1
65305,"Johnson","Hispanic/Latino",1
65305,"Johnson","Multiple Race/Ethnicity",1
65305,"Johnson","White",0
65321,"Saline","White",1
65322,"Cooper","White",1
65323,"Henry","White",1
65324,"Camden","Multiple Race/Ethnicity",1
65324,"Camden","White",0
65325,"Benton","Hispanic/Latino",0
65325,"Benton","White",5
65326,"Benton","White",1
65329,"Morgan","White",0
65330,"Saline","White",1
65332,"Pettis","White",4
65333,"Pettis","White",5
65334,"Pettis","White",1
65336,"Johnson","Black/African American",0
65336,"Johnson","Hispanic/Latino",2
65336,"Johnson","Multiple Race/Ethnicity",2
65336,"Johnson","White",6
65337,"Pettis","Not Specified",1
65337,"Pettis","White",1
65338,"Benton","White",5
65339,"Saline","White",2
65340,"Saline","Asian",2
65340,"Saline","Hispanic/Latino",10
65340,"Saline","White",44
65345,"Pettis","White",2
65347,"Saline","White",2
65348,"Cooper","Asian",1
65348,"Cooper","White",3
65349,"Saline","Hispanic/Latino",2
65349,"Saline","White",10
65350,"Pettis","White",1
65351,"Saline","Multiple Race/Ethnicity",1
65351,"Saline","White",5
65354,"Morgan","White",1
65355,"Benton","White",10
65360,"Henry","White",6
65401,"Phelps","Asian",2
65401,"Phelps","Asian (Other)",1
65401,"Phelps","Black/African American",3
65401,"Phelps","Hispanic/Latino",4
65401,"Phelps","Multiple Race/Ethnicity",4
65401,"Phelps","Native Hawaiian or Other Pacific Islander",1
65401,"Phelps","Not Specified",0
65401,"Phelps","White",50
65402,"Phelps","White",2
65438,"Shannon","White",3
65441,"Crawford","Asian",1
65441,"Crawford","White",3
65443,"Maries","White",1
65452,"Pulaski","White",2
65453,"Crawford","White",4
65457,"Pulaski","White",1
65459,"Pulaski","Hispanic/Latino",1
65459,"Pulaski","White",11
65462,"Phelps","White",1
65466,"Shannon","Not Specified",0
65473,"Pulaski","Hispanic/Latino",2
65473,"Pulaski","White",7
65483,"Texas","Multiple Race/Ethnicity",1
65483,"Texas","Not Specified",0
65483,"Texas","White",5
65486,"Miller","White",3
65534,"Pulaski","Black/African American",1
65534,"Pulaski","White",3
65536,"Laclede","Asian",1
65536,"Laclede","Asian (Other)",1
65536,"Laclede","Hispanic/Latino",2
65536,"Laclede","Multiple Race/Ethnicity",1
65536,"Laclede","White",40
65542,"Texas","White",2
65548,"Howell","White",10
65552,"Texas","White",3
65556,"Pulaski","Multiple Race/Ethnicity",1
65556,"Pulaski","White",5
65559,"Phelps","Hispanic/Latino",1
65559,"Phelps","White",21
65560,"Dent","Hispanic/Latino",1
65560,"Dent","Multiple Race/Ethnicity",3
65560,"Dent","White",15
65565,"Crawford","White",2
65567,"Laclede","White",1
65571,"Texas","White",1
65580,"Maries","White",2
65582,"Maries","White",3
65583,"Pulaski","Asian",1
65583,"Pulaski","Black/African American",4
65583,"Pulaski","Hispanic/Latino",7
65583,"Pulaski","Multiple Race/Ethnicity",3
65583,"Pulaski","White",17
65584,"Pulaski","Asian",6
65584,"Pulaski","Asian (Other)",2
65584,"Pulaski","Black/African American",0
65584,"Pulaski","Hispanic/Latino",4
65584,"Pulaski","Multiple Race/Ethnicity",1
65584,"Pulaski","White",10
65590,"Dallas","White",1
65591,"Camden","White",0
65601,"Polk","White",1
65604,"Greene","White",1
65605,"Lawrence","Hispanic/Latino",3
65605,"Lawrence","Multiple Race/Ethnicity",1
65605,"Lawrence","White",8
65606,"Oregon","White",0
65608,"Douglas","Asian",1
65608,"Douglas","White",2
65609,"Ozark","White",2
65610,"Christian","White",1
65611,"Stone","White",3
65612,"Greene","White",0
65613,"Polk","Hispanic/Latino",1
65613,"Polk","Multiple Race/Ethnicity",0
65613,"Polk","Not Specified",0
65613,"Polk","White",22
65614,"Taney","White",1
65615,"Taney","White",0
65616,"Taney","Asian",3
65616,"Taney","Hispanic/Latino",3
65616,"Taney","Multiple Race/Ethnicity",4
65616,"Taney","White",28
65617,"Polk","White",1
65619,"Greene","Hispanic/Latino",1
65619,"Greene","Multiple Race/Ethnicity",0
65619,"Greene","Not Specified",0
65619,"Greene","White",5
65622,"Dallas","White",9
65624,"Stone","American Indian/Alaska Native",0
65624,"Stone","White",3
65625,"Barry","White",4
65630,"Christian","Not Specified",1
65631,"Christian","Multiple Race/Ethnicity",1
65631,"Christian","White",3
65632,"Laclede","White",1
65633,"Stone","White",1
65640,"Polk","White",1
65641,"Barry","White",0
65644,"Dallas","White",3
65646,"Dade","White",1
65647,"Barry","Asian (Other)",0
65648,"Greene","Not Specified",0
65648,"Greene","White",3
65649,"Polk","White",3
65650,"Polk","White",3
65652,"Webster","White",3
65653,"Taney","Not Specified",1
65653,"Taney","White",3
65654,"Lawrence","White",1
65656,"Stone","White",4
65661,"Dade","Hispanic/Latino",1
65661,"Dade","White",3
65662,"Wright","White",1
65663,"Polk","White",2
65667,"Wright","White",3
65668,"Hickory","White",3
65669,"Christian","White",0
65672,"Taney","Hispanic/Latino",1
65672,"Taney","White",6
65679,"Taney","White",1
65681,"Stone","White",1
65682,"Dade","White",5
65686,"Stone","Not Specified",1
65686,"Stone","White",3
65689,"Howell","White",2
65692,"Oregon","White",1
65704,"Wright","White",3
65705,"Lawrence","White",1
65706,"Webster","Multiple Race/Ethnicity",0
65706,"Webster","White",15
65707,"Lawrence","White",3
65708,"Barry","Asian",1
65708,"Barry","Hispanic/Latino",4
65708,"Barry","Multiple Race/Ethnicity",1
65708,"Barry","White",19
65711,"Wright","White",5
65712,"Lawrence","Not Specified",0
65712,"Lawrence","White",8
65713,"Webster","White",1
65714,"Christian","Black/African American",1
65714,"Christian","Hispanic/Latino",4
65714,"Christian","Multiple Race/Ethnicity",3
65714,"Christian","Not Specified",1
65714,"Christian","White",56
65721,"Christian","American Indian/Alaska Native",1
65721,"Christian","Black/African American",1
65721,"Christian","Hispanic/Latino",1
65721,"Christian","Multiple Race/Ethnicity",2
65721,"Christian","Not Specified",1
65721,"Christian","White",54
65722,"Laclede","White",2
65723,"Lawrence","White",1
65725,"Greene","White",0
65726,"Taney","White",0
65733,"Taney","White",1
65734,"Barry","White",1
65735,"Hickory","White",1
65737,"Stone","Hispanic/Latino",0
65737,"Stone","White",4
65738,"Greene","Black/African American",1
65738,"Greene","Multiple Race/Ethnicity",1
65738,"Greene","White",19
65740,"Taney","White",1
65742,"Webster","Asian",1
65742,"Webster","Multiple Race/Ethnicity",1
65742,"Webster","White",25
65745,"Barry","White",1
65746,"Webster","White",0
65747,"Barry","White",4
65752,"Dade","White",1
65753,"Christian","Hispanic/Latino",0
65753,"Christian","White",3
65754,"Christian","White",1
65755,"Douglas","White",0
65756,"Lawrence","White",2
65757,"Greene","White",6
65761,"Ozark","White",1
65762,"Ozark","White",0
65764,"Dallas","White",2
65767,"Dallas","Asian",0
65767,"Dallas","White",1
65768,"Douglas","White",1
65769,"Lawrence","White",2
65770,"Greene","Not Specified",0
65770,"Greene","White",3
65771,"Taney","White",2
65772,"Barry","White",1
65774,"Hickory","White",0
65775,"Howell","Asian",1
65775,"Howell","Black/African American",1
65775,"Howell","Hispanic/Latino",1
65775,"Howell","Not Specified",1
65775,"Howell","White",31
65778,"Oregon","White",0
65781,"Greene","Hispanic/Latino",1
65781,"Greene","Not Specified",0
65781,"Greene","White",11
65785,"Cedar","White",9
65787,"Camden","White",2
65788,"Howell","White",1
65790,"Howell","White",0
65791,"Oregon","White",3
65793,"Howell","White",2
65802,"Greene","Asian",3
65802,"Greene","Black/African American",2
65802,"Greene","Hispanic/Latino",2
65802,"Greene","Multiple Race/Ethnicity",2
65802,"Greene","Not Specified",0
65802,"Greene","White",20
65803,"Greene","Asian",1
65803,"Greene","Black/African American",0
65803,"Greene","Multiple Race/Ethnicity",2
65803,"Greene","Not Specified",1
65803,"Greene","White",15
65804,"Greene","American Indian/Alaska Native",0
65804,"Greene","Asian",6
65804,"Greene","Black/African American",1
65804,"Greene","Hispanic/Latino",1
65804,"Greene","Not Specified",0
65804,"Greene","White",52
65806,"Greene","Asian",2
65806,"Greene","White",3
65807,"Greene","Asian",4
65807,"Greene","Black/African American",3
65807,"Greene","Multiple Race/Ethnicity",4
65807,"Greene","Not Specified",1
65807,"Greene","White",35
65809,"Greene","Asian",1
65809,"Greene","Hispanic/Latino",1
65809,"Greene","Multiple Race/Ethnicity",1
65809,"Greene","White",53
65810,"Greene","Asian",0
65810,"Greene","Black/African American",2
65810,"Greene","Hispanic/Latino",1
65810,"Greene","Multiple Race/Ethnicity",1
65810,"Greene","Not Specified",0
65810,"Greene","White",74
